<?xml version="1.0" encoding="UTF-8"?>
<key_mapping Default_ENB_KBD="0">
  <channel hyst="0" id="0" joy="0" repeat="0" steps="2">Channel 0<key keycode="0" modifier="0">Key 0</key>
    <key keycode="0" modifier="0">Key 1</key>
  </channel>
  <channel hyst="0" id="1" joy="0" repeat="1" steps="2">Channel 1<key keycode="0" modifier="0">Key 0</key>
    <key keycode="-127" modifier="0">Key 1</key>
  </channel>
  <channel hyst="0" id="2" joy="0" repeat="0" steps="2">Channel 2<key keycode="0" modifier="0">Key 0</key>
    <key keycode="40" modifier="0">Key 1</key>
  </channel>
  <channel hyst="0" id="3" joy="0" repeat="0" steps="2">Channel 3<key keycode="0" modifier="0">Key 0</key>
    <key keycode="0" modifier="0">Key 1</key>
  </channel>
  <channel hyst="0" id="4" joy="0" repeat="1" steps="2">Channel 4<key keycode="0" modifier="0">Key 0</key>
    <key keycode="127" modifier="0">Key 1</key>
  </channel>
  <channel hyst="0" id="5" joy="0" repeat="0" steps="2">Channel 5<key keycode="0" modifier="0">Key 0</key>
    <key keycode="0" modifier="0">Key 1</key>
  </channel>
  <channel hyst="0" id="6" joy="0" repeat="0" steps="2">Channel 6<key keycode="0" modifier="0">Key 0</key>
    <key keycode="0" modifier="0">Key 1</key>
  </channel>
  <channel hyst="0" id="7" joy="0" repeat="0" steps="2">Channel 7<key keycode="0" modifier="0">Key 0</key>
    <key keycode="0" modifier="0">Key 1</key>
  </channel>
</key_mapping>
